{
  "backupDate": "2025-05-31T18:44:52.430Z",
  "backupType": "complete",
  "version": "1.0",
  "includes": {
    "database": true,
    "projectImages": true,
    "clientLogos": true
  },
  "stats": {
    "databaseSize": 208160,
    "projectImagesCount": 396,
    "clientLogosCount": 44,
    "totalFiles": 441
  },
  "systemInfo": {
    "nodeVersion": "v20.16.0",
    "platform": "darwin",
    "cwd": "/Users/rjayerbe/Web Development Local/meisa.com.co/nueva-web-meisa"
  },
  "instructions": {
    "database": "Restaurar con: psql -U username -d database < database/meisa-database.sql",
    "projectImages": "Copiar project-images/* a public/images/projects/",
    "clientLogos": "Copiar client-logos/* a public/images/clients/",
    "note": "Ejecutar npm run db:push después de restaurar la base de datos"
  }
}